"id","op_details"
"J9Fxi-K4SggtqJhPoUEWkk","16734"
"-MPXRrddTwkjSbfX6gALU4","16735"
"4QeVlXeJTlcj5_56Y8ptZk","16736"
"jmJLBV5CR5YlBhKI1P4uKg","16737"
"Csmu3RHyS0IorbU7ee1FEw","16738"
"8dKHhEBIQ7EnsBrcDqaOwI","16739"
"SBF0GCtITyUtiWeGIG1_s4","16740"
"tZIAIAnoRnElOC-LrUKY90","16741"
"6xJFNnjpS38pkREMN9epHY","16742"
"twUQjhfpRZkgmb9f9ImRRM","16743"
"59_xLyzDQtMplVbvRH6SrE","16744"
"HTaYiCr_RkwlxycFAirh-4","16745"
"X0yMZPrzSvQuYCpS4Dv550","16746"
"7VpNj4_hQPkrXvLwcMRvsc","16747"
"q36-8kBkRl4vtiSKzlOwjw","16748"
"xNQiXJ0AS1UhwWVmt-0EFU","16749"
"PuLjxZcgT14ulO2b2AQfr4","16750"
"Zq-4127RSRMnf18nZiauoQ","16751"
"Dj1VM67XTQIhPszTLni0aw","16752"
"jdN6ZNaFRMMobObODwjVMs","16753"
"T6c8Jz2pQRsu_uAbjVai3M","16754"
"kIVzkAVKQ9MvyyZS73LcZQ","16755"
"vyjAqNaUReAkx_Exzdlly8","16756"
"sdDTr7NZScMjT5rNId8-Dk","16757"
"MtuPoYsnSX4uJ4S09zaqZE","16758"
"KKtwFHIOQu4sZYfiNMLrHI","16759"
"r1fflwTnR9sgOkozMqobAo","16760"
"B67fUNSDTFcp3EQYSaQCuY","16761"
"Nkav0M3GSgUq1mzXGR0f9w","16762"
"oo7t6ftgTxMq5YGghQvsEU","16763"
"FD96XdtCS5gvGlW85pVQKA","16764"
