"payment_payment_id","targets_payment_id"
"7jMw17W4RNIhKS3oQey6fQ","Yevcu8OwTAEqAWSFbbYgDw"
"4MmQZ1vyQEAkjtHRYoSsRQ","dBykyoi-TY0oNyVuslXVDw"
"27R691RkT-YnCUdEyOFy_U","URXI6t9gRCQjBEZia1cBtg"
"bbUzzyxtSc8pleoJb9nS1Y","gufqtc8QTeYhI2ZgtTuin4"
"z3jraUF4T9AvCJ-fP2qADk","jxpokfUDRMIqb6dSRNo1z0"
"3TQOCXywRmYr_bVakzjjuQ","8B1H4d2oS_kvFSfXuOIuHM"
"G6YGnDmrT7EkST56q2YYGo","PUyXMPhsTTcqVxrGTUU-D8"
"G6YGnDmrT7EkST56q2YYGo","U71cVCdlSscnSMm1MALMqM"
"L_MjfOkEQ2cpl2cH5x7GsE","4QmkLmqkQk8t2tdQX-qKhM"
"i4sXV3VvQ6wvmJsaDx0guk","Q5YllAhzRismgr9dKQ5fsk"
"i4sXV3VvQ6wvmJsaDx0guk","9VjfW-nTRIQhVSWCxfTh80"
